{
  "baseline_pyin": {
    "note_accuracy": 0.308195,
    "precision": 0.153583,
    "recall": 0.308195,
    "f1": 0.199196,
    "n_pred": 37021,
    "n_gt": 19955,
    "n_matched": 6210
  },
  "bilstm_crf_v1_pyin": {
    "note_accuracy": 0.236804,
    "precision": 0.232792,
    "recall": 0.236804,
    "f1": 0.233817,
    "n_pred": 21106,
    "n_gt": 19955,
    "n_matched": 4804
  },
  "bilstm_crf_v2_crepe": {
    "note_accuracy": 0.271795,
    "precision": 0.287761,
    "recall": 0.271795,
    "f1": 0.27863,
    "n_pred": 19111,
    "n_gt": 19955,
    "n_matched": 5483
  },
  "bilstm_crf_v3_crepe_aligned": {
    "note_accuracy": 0.295264,
    "precision": 0.309603,
    "recall": 0.295264,
    "f1": 0.299769,
    "n_pred": 18981,
    "n_gt": 19955,
    "n_matched": 5953
  },
  "bilstm_crf_v4_crepe_aligned_full": {
    "note_accuracy": 0.342239,
    "precision": 0.359317,
    "recall": 0.342239,
    "f1": 0.349675,
    "n_pred": 18940,
    "n_gt": 19955,
    "n_matched": 6894
  }
}